-- MySQL Script generated by MySQL Workbench
-- sex 20 set 2019 14:50:17 -03
-- Model: New Model    Version: 1.0
-- MySQL Workbench Forward Engineering

SET @OLD_UNIQUE_CHECKS=@@UNIQUE_CHECKS, UNIQUE_CHECKS=0;
SET @OLD_FOREIGN_KEY_CHECKS=@@FOREIGN_KEY_CHECKS, FOREIGN_KEY_CHECKS=0;
SET @OLD_SQL_MODE=@@SQL_MODE, SQL_MODE='TRADITIONAL,ALLOW_INVALID_DATES';

-- -----------------------------------------------------
-- Schema roque
-- -----------------------------------------------------
DROP SCHEMA IF EXISTS `roque` ;

-- -----------------------------------------------------
-- Schema roque
-- -----------------------------------------------------
CREATE SCHEMA IF NOT EXISTS `roque` DEFAULT CHARACTER SET utf8 ;
USE `roque` ;

-- -----------------------------------------------------
-- Table `roque`.`aluno`
-- -----------------------------------------------------
CREATE TABLE IF NOT EXISTS `roque`.`aluno` (
  `cod_aluno` INT NOT NULL AUTO_INCREMENT,
  `nome` VARCHAR(100) NOT NULL,
  `matricula` VARCHAR(45) NOT NULL,
  PRIMARY KEY (`cod_aluno`))
ENGINE = InnoDB
DEFAULT CHARACTER SET = utf8;


-- -----------------------------------------------------
-- Table `roque`.`professor`
-- -----------------------------------------------------
CREATE TABLE IF NOT EXISTS `roque`.`professor` (
  `idprofessor` INT NOT NULL AUTO_INCREMENT,
  `nome` VARCHAR(30) NOT NULL,
  `titulo` ENUM('mestre', 'doutor', 'especialista', '') CHARACTER SET 'utf8' NOT NULL DEFAULT 'mestre',
  `siape` INT NULL,
  PRIMARY KEY (`idprofessor`))
ENGINE = InnoDB
DEFAULT CHARACTER SET = utf8;


-- -----------------------------------------------------
-- Table `roque`.`curso`
-- -----------------------------------------------------
CREATE TABLE IF NOT EXISTS `roque`.`curso` (
  `cod_curso` INT NOT NULL,
  `nome` VARCHAR(100) NOT NULL,
  PRIMARY KEY (`cod_curso`))
ENGINE = InnoDB
DEFAULT CHARACTER SET = utf8;


-- -----------------------------------------------------
-- Table `roque`.`matriz_curricular`
-- -----------------------------------------------------
CREATE TABLE IF NOT EXISTS `roque`.`matriz_curricular` (
  `cod_matriz` INT NOT NULL,
  `curso` INT NOT NULL,
  `nome` VARCHAR(45) NOT NULL,
  `data` DATE NOT NULL,
  `situacao` VARCHAR(45) NULL,
  PRIMARY KEY (`cod_matriz`, `curso`),
  INDEX `fk_matriz_idx` (`curso` ASC),
  CONSTRAINT `fk_matriz_curso_codigo`
    FOREIGN KEY (`curso`)
    REFERENCES `roque`.`curso` (`cod_curso`)
    ON DELETE NO ACTION
    ON UPDATE NO ACTION)
ENGINE = InnoDB
DEFAULT CHARACTER SET = utf8;


-- -----------------------------------------------------
-- Table `roque`.`componente_curricular`
-- -----------------------------------------------------
CREATE TABLE IF NOT EXISTS `roque`.`componente_curricular` (
  `cod_cc` INT NOT NULL,
  `periodo` VARCHAR(10) NOT NULL,
  `sigla` VARCHAR(20) NOT NULL,
  `nome` VARCHAR(100) NOT NULL,
  `cargahoraria` INT NOT NULL,
  `creditos` INT NOT NULL,
  `pre_req` INT NULL,
  `co_req` INT NULL,
  `matriz` INT NOT NULL,
  PRIMARY KEY (`cod_cc`, `matriz`),
  INDEX `fk_matriz_idx` (`matriz` ASC),
  INDEX `fk_componente_prerequisito_idx` (`pre_req` ASC),
  INDEX `fk_componente_corequisito_idx` (`co_req` ASC),
  CONSTRAINT `fk_componente_matriz_codigo`
    FOREIGN KEY (`matriz`)
    REFERENCES `roque`.`matriz_curricular` (`cod_matriz`)
    ON DELETE NO ACTION
    ON UPDATE NO ACTION,
  CONSTRAINT `fk_componente_prerequisito`
    FOREIGN KEY (`pre_req`)
    REFERENCES `roque`.`componente_curricular` (`cod_cc`)
    ON DELETE NO ACTION
    ON UPDATE NO ACTION,
  CONSTRAINT `fk_componente_corequisito`
    FOREIGN KEY (`co_req`)
    REFERENCES `roque`.`componente_curricular` (`cod_cc`)
    ON DELETE NO ACTION
    ON UPDATE NO ACTION)
ENGINE = InnoDB
DEFAULT CHARACTER SET = utf8;


-- -----------------------------------------------------
-- Table `roque`.`diario`
-- -----------------------------------------------------
CREATE TABLE IF NOT EXISTS `roque`.`diario` (
  `cod_diario` INT NOT NULL,
  `componente` INT NOT NULL,
  `turno` ENUM('manhã', 'tarde', 'noite') CHARACTER SET 'utf8' NOT NULL DEFAULT 'noite',
  `professor_principal` INT NOT NULL,
  PRIMARY KEY (`cod_diario`, `componente`, `professor_principal`),
  INDEX `fk_diario_disciplina1_idx` (`componente` ASC),
  INDEX `fk_diario_professor_id_idx` (`professor_principal` ASC),
  CONSTRAINT `fk_diario_componente_codcc`
    FOREIGN KEY (`componente`)
    REFERENCES `roque`.`componente_curricular` (`cod_cc`)
    ON DELETE NO ACTION
    ON UPDATE NO ACTION,
  CONSTRAINT `fk_diario_professor_id`
    FOREIGN KEY (`professor_principal`)
    REFERENCES `roque`.`professor` (`idprofessor`)
    ON DELETE NO ACTION
    ON UPDATE NO ACTION)
ENGINE = InnoDB
DEFAULT CHARACTER SET = utf8;


-- -----------------------------------------------------
-- Table `roque`.`avaliacao`
-- -----------------------------------------------------
CREATE TABLE IF NOT EXISTS `roque`.`avaliacao` (
  `idavaliacao` INT NOT NULL AUTO_INCREMENT,
  `diario` INT NOT NULL,
  `etapa` ENUM('UND1', 'UND2', 'EF') NOT NULL,
  `descricao` VARCHAR(45) NOT NULL,
  `peso` DECIMAL(4,2) NOT NULL DEFAULT 1,
  `nota_maxima` DECIMAL(4,2) NOT NULL,
  `data_avaliacao` DATE NOT NULL,
  PRIMARY KEY (`idavaliacao`, `diario`),
  INDEX `fk_avaliacao_diario1_idx` (`diario` ASC),
  CONSTRAINT `fk_avaliacao_diario1`
    FOREIGN KEY (`diario`)
    REFERENCES `roque`.`diario` (`cod_diario`)
    ON DELETE NO ACTION
    ON UPDATE NO ACTION)
ENGINE = InnoDB
DEFAULT CHARACTER SET = utf8;


-- -----------------------------------------------------
-- Table `roque`.`nota_avaliacao`
-- -----------------------------------------------------
CREATE TABLE IF NOT EXISTS `roque`.`nota_avaliacao` (
  `avaliacao` INT NOT NULL,
  `aluno` INT NOT NULL,
  `nota` DECIMAL(4,2) NOT NULL,
  `observação` VARCHAR(45) NULL,
  PRIMARY KEY (`avaliacao`, `aluno`),
  INDEX `fk_nota_has_avaliacao_avaliacao1_idx` (`avaliacao` ASC),
  INDEX `fk_nota_avaliacao_aluno1_idx` (`aluno` ASC),
  CONSTRAINT `fk_nota_has_avaliacao_avaliacao1`
    FOREIGN KEY (`avaliacao`)
    REFERENCES `roque`.`avaliacao` (`idavaliacao`)
    ON DELETE NO ACTION
    ON UPDATE NO ACTION,
  CONSTRAINT `fk_nota_avaliacao_aluno1`
    FOREIGN KEY (`aluno`)
    REFERENCES `roque`.`aluno` (`cod_aluno`)
    ON DELETE NO ACTION
    ON UPDATE NO ACTION)
ENGINE = InnoDB
DEFAULT CHARACTER SET = utf8;


-- -----------------------------------------------------
-- Table `roque`.`turma`
-- -----------------------------------------------------
CREATE TABLE IF NOT EXISTS `roque`.`turma` (
  `cod_turma` INT NOT NULL,
  `nome` VARCHAR(45) NOT NULL,
  `diario` INT NOT NULL,
  PRIMARY KEY (`cod_turma`, `diario`),
  INDEX `fk_turma_diario_cod_idx` (`diario` ASC),
  CONSTRAINT `fk_turma_diario_cod`
    FOREIGN KEY (`diario`)
    REFERENCES `roque`.`diario` (`cod_diario`)
    ON DELETE NO ACTION
    ON UPDATE NO ACTION)
ENGINE = InnoDB
DEFAULT CHARACTER SET = utf8;


-- -----------------------------------------------------
-- Table `roque`.`matriculas_componente`
-- -----------------------------------------------------
CREATE TABLE IF NOT EXISTS `roque`.`matriculas_componente` (
  `aluno` INT NOT NULL,
  `turma` INT NOT NULL,
  PRIMARY KEY (`aluno`, `turma`),
  INDEX `fk_matriculas_turma_codturma_idx` (`turma` ASC),
  CONSTRAINT `fk_matriculas_alunos_idaluno`
    FOREIGN KEY (`aluno`)
    REFERENCES `roque`.`aluno` (`cod_aluno`)
    ON DELETE NO ACTION
    ON UPDATE NO ACTION,
  CONSTRAINT `fk_matriculas_turma_codturma`
    FOREIGN KEY (`turma`)
    REFERENCES `roque`.`turma` (`cod_turma`)
    ON DELETE NO ACTION
    ON UPDATE NO ACTION)
ENGINE = InnoDB
DEFAULT CHARACTER SET = utf8;


SET SQL_MODE=@OLD_SQL_MODE;
SET FOREIGN_KEY_CHECKS=@OLD_FOREIGN_KEY_CHECKS;
SET UNIQUE_CHECKS=@OLD_UNIQUE_CHECKS;

-- -----------------------------------------------------
-- Data for table `roque`.`aluno`
-- -----------------------------------------------------
START TRANSACTION;
USE `roque`;
INSERT INTO `roque`.`aluno` (`cod_aluno`, `nome`, `matricula`) VALUES (1, 'Alexsandro matias', '0046');
INSERT INTO `roque`.`aluno` (`cod_aluno`, `nome`, `matricula`) VALUES (2, 'Josiane maria', '0465');
INSERT INTO `roque`.`aluno` (`cod_aluno`, `nome`, `matricula`) VALUES (3, 'eliane maria', '1654');
INSERT INTO `roque`.`aluno` (`cod_aluno`, `nome`, `matricula`) VALUES (4, 'Priscila matias', '0047');
INSERT INTO `roque`.`aluno` (`cod_aluno`, `nome`, `matricula`) VALUES (5, 'raul seixas', '0466');
INSERT INTO `roque`.`aluno` (`cod_aluno`, `nome`, `matricula`) VALUES (6, 'chico buarque', '1655');
INSERT INTO `roque`.`aluno` (`cod_aluno`, `nome`, `matricula`) VALUES (7, 'chico cesar', '0048');
INSERT INTO `roque`.`aluno` (`cod_aluno`, `nome`, `matricula`) VALUES (8, 'Josiane santos', '0467');
INSERT INTO `roque`.`aluno` (`cod_aluno`, `nome`, `matricula`) VALUES (9, 'jonh lima', '1656');
INSERT INTO `roque`.`aluno` (`cod_aluno`, `nome`, `matricula`) VALUES (10, 'gideone santos', '0049');
INSERT INTO `roque`.`aluno` (`cod_aluno`, `nome`, `matricula`) VALUES (11, 'maurilo santana', '0468');
INSERT INTO `roque`.`aluno` (`cod_aluno`, `nome`, `matricula`) VALUES (12, 'mauricio moura', '1657');
INSERT INTO `roque`.`aluno` (`cod_aluno`, `nome`, `matricula`) VALUES (13, 'jose Silva', '0050');
INSERT INTO `roque`.`aluno` (`cod_aluno`, `nome`, `matricula`) VALUES (14, 'jose santos', '0469');
INSERT INTO `roque`.`aluno` (`cod_aluno`, `nome`, `matricula`) VALUES (15, 'maria eduarda', '1658');
INSERT INTO `roque`.`aluno` (`cod_aluno`, `nome`, `matricula`) VALUES (16, 'maria Silva', '0051');
INSERT INTO `roque`.`aluno` (`cod_aluno`, `nome`, `matricula`) VALUES (17, 'Matheus neves', '0470');
INSERT INTO `roque`.`aluno` (`cod_aluno`, `nome`, `matricula`) VALUES (18, 'paulo roberto', '1659');
INSERT INTO `roque`.`aluno` (`cod_aluno`, `nome`, `matricula`) VALUES (19, 'girlane coelho', '0052');
INSERT INTO `roque`.`aluno` (`cod_aluno`, `nome`, `matricula`) VALUES (20, 'helio da Silva', '0471');

COMMIT;


-- -----------------------------------------------------
-- Data for table `roque`.`professor`
-- -----------------------------------------------------
START TRANSACTION;
USE `roque`;
INSERT INTO `roque`.`professor` (`idprofessor`, `nome`, `titulo`, `siape`) VALUES (1, 'marco domingues', 'mestre', 112114);
INSERT INTO `roque`.`professor` (`idprofessor`, `nome`, `titulo`, `siape`) VALUES (2, 'rafael roque', 'doutor', 045463);
INSERT INTO `roque`.`professor` (`idprofessor`, `nome`, `titulo`, `siape`) VALUES (3, 'anderson moreira', 'especialista', 046547);
INSERT INTO `roque`.`professor` (`idprofessor`, `nome`, `titulo`, `siape`) VALUES (4, 'paulo abadie', 'especialista', 044444);
INSERT INTO `roque`.`professor` (`idprofessor`, `nome`, `titulo`, `siape`) VALUES (5, 'paulo goncalves', 'doutor', 007777);
INSERT INTO `roque`.`professor` (`idprofessor`, `nome`, `titulo`, `siape`) VALUES (6, 'renata freire', 'especialista', 018015);
INSERT INTO `roque`.`professor` (`idprofessor`, `nome`, `titulo`, `siape`) VALUES (7, 'renata dantas', 'mestre', 099443);
INSERT INTO `roque`.`professor` (`idprofessor`, `nome`, `titulo`, `siape`) VALUES (8, 'ainda ferreira', 'mestre', 111111);
INSERT INTO `roque`.`professor` (`idprofessor`, `nome`, `titulo`, `siape`) VALUES (9, 'marcos andré ', 'doutor', 147857);

COMMIT;


-- -----------------------------------------------------
-- Data for table `roque`.`curso`
-- -----------------------------------------------------
START TRANSACTION;
USE `roque`;
INSERT INTO `roque`.`curso` (`cod_curso`, `nome`) VALUES (1, 'Tecnólogo análise de desenvolvimento de sistemas');
INSERT INTO `roque`.`curso` (`cod_curso`, `nome`) VALUES (2, 'Data Science');
INSERT INTO `roque`.`curso` (`cod_curso`, `nome`) VALUES (3, 'tecnólogo em redes');
INSERT INTO `roque`.`curso` (`cod_curso`, `nome`) VALUES (4, 'manutenção de microcomputadores');
INSERT INTO `roque`.`curso` (`cod_curso`, `nome`) VALUES (5, 'bacharelado em sistemas de informação ');
INSERT INTO `roque`.`curso` (`cod_curso`, `nome`) VALUES (6, 'engenharia de software ');
INSERT INTO `roque`.`curso` (`cod_curso`, `nome`) VALUES (7, 'engenharia da computação ');
INSERT INTO `roque`.`curso` (`cod_curso`, `nome`) VALUES (8, 'engenharia eletrônica');
INSERT INTO `roque`.`curso` (`cod_curso`, `nome`) VALUES (9, 'engenharia elétrica');

COMMIT;


-- -----------------------------------------------------
-- Data for table `roque`.`matriz_curricular`
-- -----------------------------------------------------
START TRANSACTION;
USE `roque`;
INSERT INTO `roque`.`matriz_curricular` (`cod_matriz`, `curso`, `nome`, `data`, `situacao`) VALUES (1, 1, 'Estrutura de Dados ', '2000-10-19', 'em vigor');
INSERT INTO `roque`.`matriz_curricular` (`cod_matriz`, `curso`, `nome`, `data`, `situacao`) VALUES (2, 2, 'Banco de Dados 1 ', '2001-06-06', 'expirada');
INSERT INTO `roque`.`matriz_curricular` (`cod_matriz`, `curso`, `nome`, `data`, `situacao`) VALUES (3, 3, 'Banco de Dados 2 ', '2002-01-22', 'bloqueada');
INSERT INTO `roque`.`matriz_curricular` (`cod_matriz`, `curso`, `nome`, `data`, `situacao`) VALUES (4, 7, 'Arquitetura de Computadores ', '2002-09-09', 'expirada');
INSERT INTO `roque`.`matriz_curricular` (`cod_matriz`, `curso`, `nome`, `data`, `situacao`) VALUES (5, 8, 'Sistema Operacionais ', '2003-04-27', 'bloqueada');
INSERT INTO `roque`.`matriz_curricular` (`cod_matriz`, `curso`, `nome`, `data`, `situacao`) VALUES (6, 1, 'Português Instrumental ', '2003-12-13', 'em vigor');
INSERT INTO `roque`.`matriz_curricular` (`cod_matriz`, `curso`, `nome`, `data`, `situacao`) VALUES (7, 4, 'Inglês Instrumental', '2004-07-30', 'em vigor');
INSERT INTO `roque`.`matriz_curricular` (`cod_matriz`, `curso`, `nome`, `data`, `situacao`) VALUES (8, 9, 'Programação Orientada a Objetos ', '2005-03-17', 'expirada');
INSERT INTO `roque`.`matriz_curricular` (`cod_matriz`, `curso`, `nome`, `data`, `situacao`) VALUES (9, 1, 'Desenvolvimento Web 1 ', '2005-11-02', 'bloqueada');
INSERT INTO `roque`.`matriz_curricular` (`cod_matriz`, `curso`, `nome`, `data`, `situacao`) VALUES (10, 6, 'Desenvolvimento Web 2 ', '2006-06-20', 'expirada');
INSERT INTO `roque`.`matriz_curricular` (`cod_matriz`, `curso`, `nome`, `data`, `situacao`) VALUES (11, 5, 'Cálculo 1 ', '2007-02-05', 'bloqueada');
INSERT INTO `roque`.`matriz_curricular` (`cod_matriz`, `curso`, `nome`, `data`, `situacao`) VALUES (12, 3, 'Cálculo 2 ', '2007-09-23', 'em vigor');
INSERT INTO `roque`.`matriz_curricular` (`cod_matriz`, `curso`, `nome`, `data`, `situacao`) VALUES (13, 2, 'Cálculo 3 ', '2000-10-20', 'em vigor');
INSERT INTO `roque`.`matriz_curricular` (`cod_matriz`, `curso`, `nome`, `data`, `situacao`) VALUES (14, 3, 'Redes 1 ', '2001-06-07', 'expirada');
INSERT INTO `roque`.`matriz_curricular` (`cod_matriz`, `curso`, `nome`, `data`, `situacao`) VALUES (15, 4, 'Redes 2 ', '2002-01-23', 'bloqueada');
INSERT INTO `roque`.`matriz_curricular` (`cod_matriz`, `curso`, `nome`, `data`, `situacao`) VALUES (16, 8, 'Sistemas Embarcados ', '2002-09-10', 'expirada');
INSERT INTO `roque`.`matriz_curricular` (`cod_matriz`, `curso`, `nome`, `data`, `situacao`) VALUES (17, 9, 'LIBRAS ', '2003-04-28', 'bloqueada');
INSERT INTO `roque`.`matriz_curricular` (`cod_matriz`, `curso`, `nome`, `data`, `situacao`) VALUES (18, 2, 'Introdução à Programação ', '2003-12-14', 'em vigor');
INSERT INTO `roque`.`matriz_curricular` (`cod_matriz`, `curso`, `nome`, `data`, `situacao`) VALUES (19, 5, 'Ética Profissional ', '2004-07-31', 'em vigor');
INSERT INTO `roque`.`matriz_curricular` (`cod_matriz`, `curso`, `nome`, `data`, `situacao`) VALUES (20, 9, 'Cálculo Numérico ', '2005-03-18', 'expirada');
INSERT INTO `roque`.`matriz_curricular` (`cod_matriz`, `curso`, `nome`, `data`, `situacao`) VALUES (21, 2, 'Geometria Analítica ', '2005-11-03', 'bloqueada');
INSERT INTO `roque`.`matriz_curricular` (`cod_matriz`, `curso`, `nome`, `data`, `situacao`) VALUES (22, 7, 'Introdução à computação', '2006-06-21', 'expirada');
INSERT INTO `roque`.`matriz_curricular` (`cod_matriz`, `curso`, `nome`, `data`, `situacao`) VALUES (23, 6, 'interface homem-máquina', '2007-02-06', 'bloqueada');
INSERT INTO `roque`.`matriz_curricular` (`cod_matriz`, `curso`, `nome`, `data`, `situacao`) VALUES (24, 4, 'design web', '2007-09-24', 'em vigor');
INSERT INTO `roque`.`matriz_curricular` (`cod_matriz`, `curso`, `nome`, `data`, `situacao`) VALUES (25, 1, 'matemática aplicada', '2008-05-11', 'em vigor');
INSERT INTO `roque`.`matriz_curricular` (`cod_matriz`, `curso`, `nome`, `data`, `situacao`) VALUES (26, 2, 'matemática aplicada', '2008-12-27', 'bloqueada');
INSERT INTO `roque`.`matriz_curricular` (`cod_matriz`, `curso`, `nome`, `data`, `situacao`) VALUES (27, 1, 'Redes 1 ', '2009-08-14', 'expirada');
INSERT INTO `roque`.`matriz_curricular` (`cod_matriz`, `curso`, `nome`, `data`, `situacao`) VALUES (28, 7, 'Cálculo 1 ', '2010-04-01', 'em vigor');
INSERT INTO `roque`.`matriz_curricular` (`cod_matriz`, `curso`, `nome`, `data`, `situacao`) VALUES (29, 7, 'Cálculo 2 ', '2010-11-17', 'em vigor');
INSERT INTO `roque`.`matriz_curricular` (`cod_matriz`, `curso`, `nome`, `data`, `situacao`) VALUES (30, 7, 'Cálculo 3 ', '2011-07-05', 'em vigor');
INSERT INTO `roque`.`matriz_curricular` (`cod_matriz`, `curso`, `nome`, `data`, `situacao`) VALUES (31, 7, 'LIBRAS ', '2012-02-20', 'bloqueada');
INSERT INTO `roque`.`matriz_curricular` (`cod_matriz`, `curso`, `nome`, `data`, `situacao`) VALUES (32, 4, 'Ética Profissional ', '2012-10-07', 'expirada');
INSERT INTO `roque`.`matriz_curricular` (`cod_matriz`, `curso`, `nome`, `data`, `situacao`) VALUES (33, 8, 'Redes 1 ', '2013-05-25', 'bloqueada');
INSERT INTO `roque`.`matriz_curricular` (`cod_matriz`, `curso`, `nome`, `data`, `situacao`) VALUES (34, 8, 'Redes 2 ', '2014-01-10', 'expirada');
INSERT INTO `roque`.`matriz_curricular` (`cod_matriz`, `curso`, `nome`, `data`, `situacao`) VALUES (35, 5, 'Redes 1 ', '2014-08-28', 'em vigor');
INSERT INTO `roque`.`matriz_curricular` (`cod_matriz`, `curso`, `nome`, `data`, `situacao`) VALUES (36, 9, 'Cálculo Numérico ', '2015-04-15', 'expirada');
INSERT INTO `roque`.`matriz_curricular` (`cod_matriz`, `curso`, `nome`, `data`, `situacao`) VALUES (38, 1, 'Introdução à Infomática', '2019-01-01', 'Em vigor');

COMMIT;


-- -----------------------------------------------------
-- Data for table `roque`.`componente_curricular`
-- -----------------------------------------------------
START TRANSACTION;
USE `roque`;
INSERT INTO `roque`.`componente_curricular` (`cod_cc`, `periodo`, `sigla`, `nome`, `cargahoraria`, `creditos`, `pre_req`, `co_req`, `matriz`) VALUES (1, '3', 'ED00', 'Estrutura de Dados ', 100, 6, 1, 1, 1);
INSERT INTO `roque`.`componente_curricular` (`cod_cc`, `periodo`, `sigla`, `nome`, `cargahoraria`, `creditos`, `pre_req`, `co_req`, `matriz`) VALUES (2, '2', 'BD01', 'Banco de Dados 1 ', 60, 5, , , 37);
INSERT INTO `roque`.`componente_curricular` (`cod_cc`, `periodo`, `sigla`, `nome`, `cargahoraria`, `creditos`, `pre_req`, `co_req`, `matriz`) VALUES (3, '3', 'BD02', 'Banco de Dados 2 ', 40, 5, 2, , 3);
INSERT INTO `roque`.`componente_curricular` (`cod_cc`, `periodo`, `sigla`, `nome`, `cargahoraria`, `creditos`, `pre_req`, `co_req`, `matriz`) VALUES (4, '2', 'AC00', 'Arquitetura de Computadores ', 50, 4, 22, , 4);
INSERT INTO `roque`.`componente_curricular` (`cod_cc`, `periodo`, `sigla`, `nome`, `cargahoraria`, `creditos`, `pre_req`, `co_req`, `matriz`) VALUES (5, '3', 'SO00', 'Sistema Operacionais ', 50, 4, , , 5);
INSERT INTO `roque`.`componente_curricular` (`cod_cc`, `periodo`, `sigla`, `nome`, `cargahoraria`, `creditos`, `pre_req`, `co_req`, `matriz`) VALUES (6, '1', 'PI00', 'Português Instrumental ', 30, 3,  , 7, 6);
INSERT INTO `roque`.`componente_curricular` (`cod_cc`, `periodo`, `sigla`, `nome`, `cargahoraria`, `creditos`, `pre_req`, `co_req`, `matriz`) VALUES (7, '1', 'II00', 'Inglês Instrumental', 35, 4, , 6, 7);
INSERT INTO `roque`.`componente_curricular` (`cod_cc`, `periodo`, `sigla`, `nome`, `cargahoraria`, `creditos`, `pre_req`, `co_req`, `matriz`) VALUES (8, '2', 'LP00', 'Programação Orientada a Objetos ', 120, 9, 18, , 8);
INSERT INTO `roque`.`componente_curricular` (`cod_cc`, `periodo`, `sigla`, `nome`, `cargahoraria`, `creditos`, `pre_req`, `co_req`, `matriz`) VALUES (9, '3', 'DW01', 'Desenvolvimento Web 1 ', 80, 6, 18, 24, 9);
INSERT INTO `roque`.`componente_curricular` (`cod_cc`, `periodo`, `sigla`, `nome`, `cargahoraria`, `creditos`, `pre_req`, `co_req`, `matriz`) VALUES (10, '4', 'DW02', 'Desenvolvimento Web 2 ', 90, 6, 9, , 10);
INSERT INTO `roque`.`componente_curricular` (`cod_cc`, `periodo`, `sigla`, `nome`, `cargahoraria`, `creditos`, `pre_req`, `co_req`, `matriz`) VALUES (11, '2', 'CA01', 'Cálculo 1 ', 120, 6, , 21, 11);
INSERT INTO `roque`.`componente_curricular` (`cod_cc`, `periodo`, `sigla`, `nome`, `cargahoraria`, `creditos`, `pre_req`, `co_req`, `matriz`) VALUES (12, '3', 'CA02', 'Cálculo 2 ', 80, 5, 11, , 12);
INSERT INTO `roque`.`componente_curricular` (`cod_cc`, `periodo`, `sigla`, `nome`, `cargahoraria`, `creditos`, `pre_req`, `co_req`, `matriz`) VALUES (13, '4', 'CA03', 'Cálculo 3 ', 60, 5, 12, , 13);
INSERT INTO `roque`.`componente_curricular` (`cod_cc`, `periodo`, `sigla`, `nome`, `cargahoraria`, `creditos`, `pre_req`, `co_req`, `matriz`) VALUES (14, '4', 'RE01', 'Redes 1 ', 60, 5, 5, , 14);
INSERT INTO `roque`.`componente_curricular` (`cod_cc`, `periodo`, `sigla`, `nome`, `cargahoraria`, `creditos`, `pre_req`, `co_req`, `matriz`) VALUES (15, '5', 'RE02', 'Redes 2 ', 50, 5, 14, , 15);
INSERT INTO `roque`.`componente_curricular` (`cod_cc`, `periodo`, `sigla`, `nome`, `cargahoraria`, `creditos`, `pre_req`, `co_req`, `matriz`) VALUES (16, '3', 'SE00', 'Sistemas Embarcados ', 45, 4, 4, , 16);
INSERT INTO `roque`.`componente_curricular` (`cod_cc`, `periodo`, `sigla`, `nome`, `cargahoraria`, `creditos`, `pre_req`, `co_req`, `matriz`) VALUES (17, '8', 'LI00', 'LIBRAS ', 45, 2, , , 17);
INSERT INTO `roque`.`componente_curricular` (`cod_cc`, `periodo`, `sigla`, `nome`, `cargahoraria`, `creditos`, `pre_req`, `co_req`, `matriz`) VALUES (18, '1', 'IP00', 'Introdução à Programação ', 90, 8, , , 18);
INSERT INTO `roque`.`componente_curricular` (`cod_cc`, `periodo`, `sigla`, `nome`, `cargahoraria`, `creditos`, `pre_req`, `co_req`, `matriz`) VALUES (19, '2', 'EP00', 'Ética Profissional ', 30, 4, , , 19);
INSERT INTO `roque`.`componente_curricular` (`cod_cc`, `periodo`, `sigla`, `nome`, `cargahoraria`, `creditos`, `pre_req`, `co_req`, `matriz`) VALUES (20, '6', 'CN00', 'Cálculo Numérico ', 65, 5, 12, , 20);
INSERT INTO `roque`.`componente_curricular` (`cod_cc`, `periodo`, `sigla`, `nome`, `cargahoraria`, `creditos`, `pre_req`, `co_req`, `matriz`) VALUES (21, '1', 'GA00', 'Geometria Analítica ', 70, 6, , 11, 21);
INSERT INTO `roque`.`componente_curricular` (`cod_cc`, `periodo`, `sigla`, `nome`, `cargahoraria`, `creditos`, `pre_req`, `co_req`, `matriz`) VALUES (22, '1', 'IC00', 'Introdução à computação', 60, 5, , , 22);
INSERT INTO `roque`.`componente_curricular` (`cod_cc`, `periodo`, `sigla`, `nome`, `cargahoraria`, `creditos`, `pre_req`, `co_req`, `matriz`) VALUES (23, '2', 'IH', 'interface homem-máquina', 40, 4, , , 23);
INSERT INTO `roque`.`componente_curricular` (`cod_cc`, `periodo`, `sigla`, `nome`, `cargahoraria`, `creditos`, `pre_req`, `co_req`, `matriz`) VALUES (24, '3', 'DW03', 'design web', 41, 5, , 9, 24);

COMMIT;


-- -----------------------------------------------------
-- Data for table `roque`.`diario`
-- -----------------------------------------------------
START TRANSACTION;
USE `roque`;
INSERT INTO `roque`.`diario` (`cod_diario`, `componente`, `turno`, `professor_principal`) VALUES (1, 10, 'manhã', 5);
INSERT INTO `roque`.`diario` (`cod_diario`, `componente`, `turno`, `professor_principal`) VALUES (2, 11, 'manhã', 1);
INSERT INTO `roque`.`diario` (`cod_diario`, `componente`, `turno`, `professor_principal`) VALUES (3, 12, 'tarde', 7);
INSERT INTO `roque`.`diario` (`cod_diario`, `componente`, `turno`, `professor_principal`) VALUES (4, 13, 'noite', 4);
INSERT INTO `roque`.`diario` (`cod_diario`, `componente`, `turno`, `professor_principal`) VALUES (5, 14, 'manhã', 6);
INSERT INTO `roque`.`diario` (`cod_diario`, `componente`, `turno`, `professor_principal`) VALUES (6, 18, 'tarde', 2);
INSERT INTO `roque`.`diario` (`cod_diario`, `componente`, `turno`, `professor_principal`) VALUES (7, 17, 'manhã', 8);
INSERT INTO `roque`.`diario` (`cod_diario`, `componente`, `turno`, `professor_principal`) VALUES (8, 15, 'noite', 5);
INSERT INTO `roque`.`diario` (`cod_diario`, `componente`, `turno`, `professor_principal`) VALUES (9, 19, 'noite', 7);
INSERT INTO `roque`.`diario` (`cod_diario`, `componente`, `turno`, `professor_principal`) VALUES (10, 1, 'noite', 3);
INSERT INTO `roque`.`diario` (`cod_diario`, `componente`, `turno`, `professor_principal`) VALUES (11, 4, 'noite', 9);
INSERT INTO `roque`.`diario` (`cod_diario`, `componente`, `turno`, `professor_principal`) VALUES (12, 7, 'noite', 6);
INSERT INTO `roque`.`diario` (`cod_diario`, `componente`, `turno`, `professor_principal`) VALUES (13, 8, 'tarde', 8);
INSERT INTO `roque`.`diario` (`cod_diario`, `componente`, `turno`, `professor_principal`) VALUES (14, 7, 'manhã', 4);
INSERT INTO `roque`.`diario` (`cod_diario`, `componente`, `turno`, `professor_principal`) VALUES (15, 8, 'tarde', 2);
INSERT INTO `roque`.`diario` (`cod_diario`, `componente`, `turno`, `professor_principal`) VALUES (16, 8, 'tarde', 7);
INSERT INTO `roque`.`diario` (`cod_diario`, `componente`, `turno`, `professor_principal`) VALUES (17, 9, 'noite', 9);
INSERT INTO `roque`.`diario` (`cod_diario`, `componente`, `turno`, `professor_principal`) VALUES (18, 4, 'noite', 5);

COMMIT;


-- -----------------------------------------------------
-- Data for table `roque`.`avaliacao`
-- -----------------------------------------------------
START TRANSACTION;
USE `roque`;
INSERT INTO `roque`.`avaliacao` (`idavaliacao`, `diario`, `etapa`, `descricao`, `peso`, `nota_maxima`, `data_avaliacao`) VALUES (1, 7, 'UND2', 'avaliação da disciplina Estrutura de Dados Referente à UND2', 8, 8, '2019-09-06');
INSERT INTO `roque`.`avaliacao` (`idavaliacao`, `diario`, `etapa`, `descricao`, `peso`, `nota_maxima`, `data_avaliacao`) VALUES (2, 8, 'UND1', 'avaliação da disciplina Banco de Dados 1 Referente à UND1', 10, 10, '2019-05-29');
INSERT INTO `roque`.`avaliacao` (`idavaliacao`, `diario`, `etapa`, `descricao`, `peso`, `nota_maxima`, `data_avaliacao`) VALUES (3, 4, 'UND2', 'avaliação da disciplina Banco de Dados 2 Referente à UND2', 8, 8, '2019-02-18');
INSERT INTO `roque`.`avaliacao` (`idavaliacao`, `diario`, `etapa`, `descricao`, `peso`, `nota_maxima`, `data_avaliacao`) VALUES (4, 6, 'EF', 'avaliação da disciplina Arquitetura de Computadores Referente à EF', 10, 10, '2018-11-10');
INSERT INTO `roque`.`avaliacao` (`idavaliacao`, `diario`, `etapa`, `descricao`, `peso`, `nota_maxima`, `data_avaliacao`) VALUES (5, 9, 'EF', 'avaliação da disciplina Sistema Operacionais Referente à EF', 10, 10, '2018-08-02');
INSERT INTO `roque`.`avaliacao` (`idavaliacao`, `diario`, `etapa`, `descricao`, `peso`, `nota_maxima`, `data_avaliacao`) VALUES (6, 11, 'UND1', 'avaliação da disciplina Português Instrumental Referente à UND1', 7, 7, '2018-04-24');
INSERT INTO `roque`.`avaliacao` (`idavaliacao`, `diario`, `etapa`, `descricao`, `peso`, `nota_maxima`, `data_avaliacao`) VALUES (7, 1, 'UND3', 'avaliação da disciplina Inglês Instrumental Referente à UND3', 10, 10, '2018-01-14');
INSERT INTO `roque`.`avaliacao` (`idavaliacao`, `diario`, `etapa`, `descricao`, `peso`, `nota_maxima`, `data_avaliacao`) VALUES (8, 2, 'UND2', 'avaliação da disciplina Programação Orientada a Objetos Referente à UND2', 9, 9, '2017-10-06');
INSERT INTO `roque`.`avaliacao` (`idavaliacao`, `diario`, `etapa`, `descricao`, `peso`, `nota_maxima`, `data_avaliacao`) VALUES (9, 8, 'UND3', 'avaliação da disciplina Desenvolvimento Web 1 Referente à UND3', 7, 7, '2017-06-28');
INSERT INTO `roque`.`avaliacao` (`idavaliacao`, `diario`, `etapa`, `descricao`, `peso`, `nota_maxima`, `data_avaliacao`) VALUES (10, 9, 'EF', 'avaliação da disciplina Desenvolvimento Web 2 Referente à EF', 6, 6, '2017-03-20');
INSERT INTO `roque`.`avaliacao` (`idavaliacao`, `diario`, `etapa`, `descricao`, `peso`, `nota_maxima`, `data_avaliacao`) VALUES (11, 5, 'EF', 'avaliação da disciplina Cálculo 1 Referente à EF', 10, 10, '2016-12-10');
INSERT INTO `roque`.`avaliacao` (`idavaliacao`, `diario`, `etapa`, `descricao`, `peso`, `nota_maxima`, `data_avaliacao`) VALUES (12, 7, 'UND2', 'avaliação da disciplina Cálculo 2 Referente à UND2', 8, 8, '2016-09-01');
INSERT INTO `roque`.`avaliacao` (`idavaliacao`, `diario`, `etapa`, `descricao`, `peso`, `nota_maxima`, `data_avaliacao`) VALUES (13, 10, 'UND2', 'avaliação da disciplina Cálculo 3 Referente à UND2', 7, 7, '2016-05-24');
INSERT INTO `roque`.`avaliacao` (`idavaliacao`, `diario`, `etapa`, `descricao`, `peso`, `nota_maxima`, `data_avaliacao`) VALUES (14, 12, 'UND1', 'avaliação da disciplina Redes 1 Referente à UND1', 6, 6, '2016-02-14');
INSERT INTO `roque`.`avaliacao` (`idavaliacao`, `diario`, `etapa`, `descricao`, `peso`, `nota_maxima`, `data_avaliacao`) VALUES (15, 2, 'UND2', 'avaliação da disciplina Redes 2 Referente à UND2', 5, 5, '2015-11-06');
INSERT INTO `roque`.`avaliacao` (`idavaliacao`, `diario`, `etapa`, `descricao`, `peso`, `nota_maxima`, `data_avaliacao`) VALUES (16, 3, 'EF', 'avaliação da disciplina Sistemas Embarcados Referente à EF', 9, 9, '2015-07-29');
INSERT INTO `roque`.`avaliacao` (`idavaliacao`, `diario`, `etapa`, `descricao`, `peso`, `nota_maxima`, `data_avaliacao`) VALUES (17, 9, 'EF', 'avaliação da disciplina LIBRAS Referente à EF', 9, 9, '2015-04-20');
INSERT INTO `roque`.`avaliacao` (`idavaliacao`, `diario`, `etapa`, `descricao`, `peso`, `nota_maxima`, `data_avaliacao`) VALUES (18, 10, 'UND2', 'avaliação da disciplina Introdução à Programação Referente à UND2', 9, 9, '2015-01-10');
INSERT INTO `roque`.`avaliacao` (`idavaliacao`, `diario`, `etapa`, `descricao`, `peso`, `nota_maxima`, `data_avaliacao`) VALUES (19, 6, 'UND1', 'avaliação da disciplina Ética Profissional Referente à UND1', 9, 9, '2014-10-02');
INSERT INTO `roque`.`avaliacao` (`idavaliacao`, `diario`, `etapa`, `descricao`, `peso`, `nota_maxima`, `data_avaliacao`) VALUES (20, 8, 'UND2', 'avaliação da disciplina Cálculo Numérico Referente à UND2', 10, 10, '2014-06-24');
INSERT INTO `roque`.`avaliacao` (`idavaliacao`, `diario`, `etapa`, `descricao`, `peso`, `nota_maxima`, `data_avaliacao`) VALUES (21, 11, 'UND1', 'avaliação da disciplina Geometria Analítica Referente à UND1', 10, 10, '2014-03-16');
INSERT INTO `roque`.`avaliacao` (`idavaliacao`, `diario`, `etapa`, `descricao`, `peso`, `nota_maxima`, `data_avaliacao`) VALUES (22, 13, 'EF', 'avaliação da disciplina Introdução à computaçãoReferente à EF', 7, 7, '2013-12-06');
INSERT INTO `roque`.`avaliacao` (`idavaliacao`, `diario`, `etapa`, `descricao`, `peso`, `nota_maxima`, `data_avaliacao`) VALUES (23, 3, 'EF', 'avaliação da disciplina interface homem-máquinaReferente à EF', 8, 8, '2013-08-28');
INSERT INTO `roque`.`avaliacao` (`idavaliacao`, `diario`, `etapa`, `descricao`, `peso`, `nota_maxima`, `data_avaliacao`) VALUES (24, 4, 'UND1', 'avaliação da disciplina design webReferente à UND1', 8, 8, '2013-05-20');
INSERT INTO `roque`.`avaliacao` (`idavaliacao`, `diario`, `etapa`, `descricao`, `peso`, `nota_maxima`, `data_avaliacao`) VALUES (25, 10, 'UND2', 'avaliação da disciplina matemática aplicadaReferente à UND2', 8, 8, '2013-02-09');
INSERT INTO `roque`.`avaliacao` (`idavaliacao`, `diario`, `etapa`, `descricao`, `peso`, `nota_maxima`, `data_avaliacao`) VALUES (26, 11, 'UND1', 'avaliação da disciplina matemática aplicadaReferente à UND1', 9, 9, '2012-11-01');
INSERT INTO `roque`.`avaliacao` (`idavaliacao`, `diario`, `etapa`, `descricao`, `peso`, `nota_maxima`, `data_avaliacao`) VALUES (27, 7, 'UND1', 'avaliação da disciplina Redes 1 Referente à UND1', 9, 9, '2012-07-24');
INSERT INTO `roque`.`avaliacao` (`idavaliacao`, `diario`, `etapa`, `descricao`, `peso`, `nota_maxima`, `data_avaliacao`) VALUES (28, 9, 'EF', 'avaliação da disciplina Cálculo 1 Referente à EF', 7, 7, '2012-04-15');
INSERT INTO `roque`.`avaliacao` (`idavaliacao`, `diario`, `etapa`, `descricao`, `peso`, `nota_maxima`, `data_avaliacao`) VALUES (29, 12, 'EF', 'avaliação da disciplina Cálculo 2 Referente à EF', 5, 5, '2012-01-06');
INSERT INTO `roque`.`avaliacao` (`idavaliacao`, `diario`, `etapa`, `descricao`, `peso`, `nota_maxima`, `data_avaliacao`) VALUES (30, 14, 'UND1', 'avaliação da disciplina Cálculo 3 Referente à UND1', 4, 4, '2011-09-28');
INSERT INTO `roque`.`avaliacao` (`idavaliacao`, `diario`, `etapa`, `descricao`, `peso`, `nota_maxima`, `data_avaliacao`) VALUES (31, 4, 'UND1', 'avaliação da disciplina LIBRAS Referente à UND1', 8, 8, '2011-06-20');

COMMIT;


-- -----------------------------------------------------
-- Data for table `roque`.`nota_avaliacao`
-- -----------------------------------------------------
START TRANSACTION;
USE `roque`;
INSERT INTO `roque`.`nota_avaliacao` (`avaliacao`, `aluno`, `nota`, `observação`) VALUES (2, 21, 0, 'Aluno faltou a prova, devido à morte da avó');
INSERT INTO `roque`.`nota_avaliacao` (`avaliacao`, `aluno`, `nota`, `observação`) VALUES (2, 2, 10, NULL);
INSERT INTO `roque`.`nota_avaliacao` (`avaliacao`, `aluno`, `nota`, `observação`) VALUES (2, 3, 8, NULL);
INSERT INTO `roque`.`nota_avaliacao` (`avaliacao`, `aluno`, `nota`, `observação`) VALUES (4, 3, 10, NULL);
INSERT INTO `roque`.`nota_avaliacao` (`avaliacao`, `aluno`, `nota`, `observação`) VALUES (4, 4, 10, NULL);
INSERT INTO `roque`.`nota_avaliacao` (`avaliacao`, `aluno`, `nota`, `observação`) VALUES (4, 5, 7, NULL);
INSERT INTO `roque`.`nota_avaliacao` (`avaliacao`, `aluno`, `nota`, `observação`) VALUES (3, 7, 10, NULL);
INSERT INTO `roque`.`nota_avaliacao` (`avaliacao`, `aluno`, `nota`, `observação`) VALUES (3, 4, 9, NULL);
INSERT INTO `roque`.`nota_avaliacao` (`avaliacao`, `aluno`, `nota`, `observação`) VALUES (3, 11, 7, NULL);
INSERT INTO `roque`.`nota_avaliacao` (`avaliacao`, `aluno`, `nota`, `observação`) VALUES (3, 6, 6, NULL);
INSERT INTO `roque`.`nota_avaliacao` (`avaliacao`, `aluno`, `nota`, `observação`) VALUES (4, 14, 10, NULL);
INSERT INTO `roque`.`nota_avaliacao` (`avaliacao`, `aluno`, `nota`, `observação`) VALUES (4, 6, 8, NULL);
INSERT INTO `roque`.`nota_avaliacao` (`avaliacao`, `aluno`, `nota`, `observação`) VALUES (4, 7, 7, NULL);
INSERT INTO `roque`.`nota_avaliacao` (`avaliacao`, `aluno`, `nota`, `observação`) VALUES (2, 18, 6, NULL);
INSERT INTO `roque`.`nota_avaliacao` (`avaliacao`, `aluno`, `nota`, `observação`) VALUES (2, 19, 5, 'Aluno fará segunda chamada');
INSERT INTO `roque`.`nota_avaliacao` (`avaliacao`, `aluno`, `nota`, `observação`) VALUES (3, 2, 9, NULL);
INSERT INTO `roque`.`nota_avaliacao` (`avaliacao`, `aluno`, `nota`, `observação`) VALUES (3, 3, 9, NULL);
INSERT INTO `roque`.`nota_avaliacao` (`avaliacao`, `aluno`, `nota`, `observação`) VALUES (6, 9, 9, NULL);
INSERT INTO `roque`.`nota_avaliacao` (`avaliacao`, `aluno`, `nota`, `observação`) VALUES (7, 6, 9, NULL);
INSERT INTO `roque`.`nota_avaliacao` (`avaliacao`, `aluno`, `nota`, `observação`) VALUES (7, 7, 10, NULL);
INSERT INTO `roque`.`nota_avaliacao` (`avaliacao`, `aluno`, `nota`, `observação`) VALUES (7, 10, 10, NULL);
INSERT INTO `roque`.`nota_avaliacao` (`avaliacao`, `aluno`, `nota`, `observação`) VALUES (5, 4, 7, NULL);
INSERT INTO `roque`.`nota_avaliacao` (`avaliacao`, `aluno`, `nota`, `observação`) VALUES (5, 5, 8, NULL);
INSERT INTO `roque`.`nota_avaliacao` (`avaliacao`, `aluno`, `nota`, `observação`) VALUES (5, 8, 8, NULL);
INSERT INTO `roque`.`nota_avaliacao` (`avaliacao`, `aluno`, `nota`, `observação`) VALUES (6, 5, 8, NULL);
INSERT INTO `roque`.`nota_avaliacao` (`avaliacao`, `aluno`, `nota`, `observação`) VALUES (6, 6, 9, NULL);
INSERT INTO `roque`.`nota_avaliacao` (`avaliacao`, `aluno`, `nota`, `observação`) VALUES (1, 1, 9, 'O aluno com dificuldade do no assunto');
INSERT INTO `roque`.`nota_avaliacao` (`avaliacao`, `aluno`, `nota`, `observação`) VALUES (1, 2, 7, NULL);
INSERT INTO `roque`.`nota_avaliacao` (`avaliacao`, `aluno`, `nota`, `observação`) VALUES (1, 3, 5, NULL);
INSERT INTO `roque`.`nota_avaliacao` (`avaliacao`, `aluno`, `nota`, `observação`) VALUES (1, 4, 4, NULL);
INSERT INTO `roque`.`nota_avaliacao` (`avaliacao`, `aluno`, `nota`, `observação`) VALUES (2, 1, 8, 'O aluno pode melhorar sua performance');

COMMIT;


-- -----------------------------------------------------
-- Data for table `roque`.`turma`
-- -----------------------------------------------------
START TRANSACTION;
USE `roque`;
INSERT INTO `roque`.`turma` (`cod_turma`, `nome`, `diario`) VALUES (1, '2012 - 1', 8);
INSERT INTO `roque`.`turma` (`cod_turma`, `nome`, `diario`) VALUES (2, '2012 - 2', 7);
INSERT INTO `roque`.`turma` (`cod_turma`, `nome`, `diario`) VALUES (3, '2013 - 1', 1);
INSERT INTO `roque`.`turma` (`cod_turma`, `nome`, `diario`) VALUES (4, '2013 - 2', 11);
INSERT INTO `roque`.`turma` (`cod_turma`, `nome`, `diario`) VALUES (5, '2013 - 1', 10);
INSERT INTO `roque`.`turma` (`cod_turma`, `nome`, `diario`) VALUES (6, '2013 - 2', 3);
INSERT INTO `roque`.`turma` (`cod_turma`, `nome`, `diario`) VALUES (7, '2014 - 1', 1);
INSERT INTO `roque`.`turma` (`cod_turma`, `nome`, `diario`) VALUES (8, '2014 - 2', 8);
INSERT INTO `roque`.`turma` (`cod_turma`, `nome`, `diario`) VALUES (9, '2014 - 1', 2);
INSERT INTO `roque`.`turma` (`cod_turma`, `nome`, `diario`) VALUES (10, '2014 - 2', 17);
INSERT INTO `roque`.`turma` (`cod_turma`, `nome`, `diario`) VALUES (11, '2015 - 1', 11);
INSERT INTO `roque`.`turma` (`cod_turma`, `nome`, `diario`) VALUES (12, '2015 - 2', 4);
INSERT INTO `roque`.`turma` (`cod_turma`, `nome`, `diario`) VALUES (13, '2015 - 1', 2);
INSERT INTO `roque`.`turma` (`cod_turma`, `nome`, `diario`) VALUES (14, '2015 - 2', 9);
INSERT INTO `roque`.`turma` (`cod_turma`, `nome`, `diario`) VALUES (15, '2016 - 1', 3);
INSERT INTO `roque`.`turma` (`cod_turma`, `nome`, `diario`) VALUES (16, '2016 - 2', 4);
INSERT INTO `roque`.`turma` (`cod_turma`, `nome`, `diario`) VALUES (17, '2016 - 1', 12);
INSERT INTO `roque`.`turma` (`cod_turma`, `nome`, `diario`) VALUES (18, '2016 - 2', 8);
INSERT INTO `roque`.`turma` (`cod_turma`, `nome`, `diario`) VALUES (19, '2017 - 1', 2);
INSERT INTO `roque`.`turma` (`cod_turma`, `nome`, `diario`) VALUES (20, '2017 - 2', 12);
INSERT INTO `roque`.`turma` (`cod_turma`, `nome`, `diario`) VALUES (21, '2017 - 1', 11);
INSERT INTO `roque`.`turma` (`cod_turma`, `nome`, `diario`) VALUES (22, '2017 - 2', 4);
INSERT INTO `roque`.`turma` (`cod_turma`, `nome`, `diario`) VALUES (23, '2018 - 1', 2);
INSERT INTO `roque`.`turma` (`cod_turma`, `nome`, `diario`) VALUES (24, '2018 - 2', 9);
INSERT INTO `roque`.`turma` (`cod_turma`, `nome`, `diario`) VALUES (25, '2018 - 2', 3);

COMMIT;


-- -----------------------------------------------------
-- Data for table `roque`.`matriculas_componente`
-- -----------------------------------------------------
START TRANSACTION;
USE `roque`;
INSERT INTO `roque`.`matriculas_componente` (`aluno`, `turma`) VALUES (8, 2);
INSERT INTO `roque`.`matriculas_componente` (`aluno`, `turma`) VALUES (7, 3);
INSERT INTO `roque`.`matriculas_componente` (`aluno`, `turma`) VALUES (1, 10);
INSERT INTO `roque`.`matriculas_componente` (`aluno`, `turma`) VALUES (11, 16);
INSERT INTO `roque`.`matriculas_componente` (`aluno`, `turma`) VALUES (10, 1);
INSERT INTO `roque`.`matriculas_componente` (`aluno`, `turma`) VALUES (3, 15);
INSERT INTO `roque`.`matriculas_componente` (`aluno`, `turma`) VALUES (1, 8);
INSERT INTO `roque`.`matriculas_componente` (`aluno`, `turma`) VALUES (8, 3);
INSERT INTO `roque`.`matriculas_componente` (`aluno`, `turma`) VALUES (2, 4);
INSERT INTO `roque`.`matriculas_componente` (`aluno`, `turma`) VALUES (17, 11);
INSERT INTO `roque`.`matriculas_componente` (`aluno`, `turma`) VALUES (11, 17);
INSERT INTO `roque`.`matriculas_componente` (`aluno`, `turma`) VALUES (4, 2);
INSERT INTO `roque`.`matriculas_componente` (`aluno`, `turma`) VALUES (2, 16);
INSERT INTO `roque`.`matriculas_componente` (`aluno`, `turma`) VALUES (9, 9);
INSERT INTO `roque`.`matriculas_componente` (`aluno`, `turma`) VALUES (3, 4);
INSERT INTO `roque`.`matriculas_componente` (`aluno`, `turma`) VALUES (4, 5);
INSERT INTO `roque`.`matriculas_componente` (`aluno`, `turma`) VALUES (12, 12);
INSERT INTO `roque`.`matriculas_componente` (`aluno`, `turma`) VALUES (8, 18);
INSERT INTO `roque`.`matriculas_componente` (`aluno`, `turma`) VALUES (2, 3);
INSERT INTO `roque`.`matriculas_componente` (`aluno`, `turma`) VALUES (12, 17);
INSERT INTO `roque`.`matriculas_componente` (`aluno`, `turma`) VALUES (11, 10);
INSERT INTO `roque`.`matriculas_componente` (`aluno`, `turma`) VALUES (4, 5);
INSERT INTO `roque`.`matriculas_componente` (`aluno`, `turma`) VALUES (2, 6);
INSERT INTO `roque`.`matriculas_componente` (`aluno`, `turma`) VALUES (9, 13);
INSERT INTO `roque`.`matriculas_componente` (`aluno`, `turma`) VALUES (3, 19);
INSERT INTO `roque`.`matriculas_componente` (`aluno`, `turma`) VALUES (18, 4);
INSERT INTO `roque`.`matriculas_componente` (`aluno`, `turma`) VALUES (12, 18);
INSERT INTO `roque`.`matriculas_componente` (`aluno`, `turma`) VALUES (5, 11);
INSERT INTO `roque`.`matriculas_componente` (`aluno`, `turma`) VALUES (3, 6);
INSERT INTO `roque`.`matriculas_componente` (`aluno`, `turma`) VALUES (10, 7);
INSERT INTO `roque`.`matriculas_componente` (`aluno`, `turma`) VALUES (4, 14);
INSERT INTO `roque`.`matriculas_componente` (`aluno`, `turma`) VALUES (5, 20);
INSERT INTO `roque`.`matriculas_componente` (`aluno`, `turma`) VALUES (13, 5);
INSERT INTO `roque`.`matriculas_componente` (`aluno`, `turma`) VALUES (9, 19);
INSERT INTO `roque`.`matriculas_componente` (`aluno`, `turma`) VALUES (3, 12);
INSERT INTO `roque`.`matriculas_componente` (`aluno`, `turma`) VALUES (13, 7);
INSERT INTO `roque`.`matriculas_componente` (`aluno`, `turma`) VALUES (12, 8);
INSERT INTO `roque`.`matriculas_componente` (`aluno`, `turma`) VALUES (5, 15);
INSERT INTO `roque`.`matriculas_componente` (`aluno`, `turma`) VALUES (3, 21);
INSERT INTO `roque`.`matriculas_componente` (`aluno`, `turma`) VALUES (10, 6);
INSERT INTO `roque`.`matriculas_componente` (`aluno`, `turma`) VALUES (4, 20);
INSERT INTO `roque`.`matriculas_componente` (`aluno`, `turma`) VALUES (19, 13);
INSERT INTO `roque`.`matriculas_componente` (`aluno`, `turma`) VALUES (13, 8);
INSERT INTO `roque`.`matriculas_componente` (`aluno`, `turma`) VALUES (6, 9);
INSERT INTO `roque`.`matriculas_componente` (`aluno`, `turma`) VALUES (8, 16);
INSERT INTO `roque`.`matriculas_componente` (`aluno`, `turma`) VALUES (2, 22);
INSERT INTO `roque`.`matriculas_componente` (`aluno`, `turma`) VALUES (12, 7);
INSERT INTO `roque`.`matriculas_componente` (`aluno`, `turma`) VALUES (11, 21);
INSERT INTO `roque`.`matriculas_componente` (`aluno`, `turma`) VALUES (4, 14);
INSERT INTO `roque`.`matriculas_componente` (`aluno`, `turma`) VALUES (2, 9);
INSERT INTO `roque`.`matriculas_componente` (`aluno`, `turma`) VALUES (9, 10);
INSERT INTO `roque`.`matriculas_componente` (`aluno`, `turma`) VALUES (3, 17);
INSERT INTO `roque`.`matriculas_componente` (`aluno`, `turma`) VALUES (18, 23);
INSERT INTO `roque`.`matriculas_componente` (`aluno`, `turma`) VALUES (12, 8);
INSERT INTO `roque`.`matriculas_componente` (`aluno`, `turma`) VALUES (5, 22);
INSERT INTO `roque`.`matriculas_componente` (`aluno`, `turma`) VALUES (3, 15);
INSERT INTO `roque`.`matriculas_componente` (`aluno`, `turma`) VALUES (10, 10);
INSERT INTO `roque`.`matriculas_componente` (`aluno`, `turma`) VALUES (4, 11);
INSERT INTO `roque`.`matriculas_componente` (`aluno`, `turma`) VALUES (5, 18);
INSERT INTO `roque`.`matriculas_componente` (`aluno`, `turma`) VALUES (13, 24);
INSERT INTO `roque`.`matriculas_componente` (`aluno`, `turma`) VALUES (9, 9);
INSERT INTO `roque`.`matriculas_componente` (`aluno`, `turma`) VALUES (3, 23);
INSERT INTO `roque`.`matriculas_componente` (`aluno`, `turma`) VALUES (13, 16);
INSERT INTO `roque`.`matriculas_componente` (`aluno`, `turma`) VALUES (12, 11);
INSERT INTO `roque`.`matriculas_componente` (`aluno`, `turma`) VALUES (5, 3);
INSERT INTO `roque`.`matriculas_componente` (`aluno`, `turma`) VALUES (3, 4);
INSERT INTO `roque`.`matriculas_componente` (`aluno`, `turma`) VALUES (10, 11);
INSERT INTO `roque`.`matriculas_componente` (`aluno`, `turma`) VALUES (4, 17);
INSERT INTO `roque`.`matriculas_componente` (`aluno`, `turma`) VALUES (19, 2);
INSERT INTO `roque`.`matriculas_componente` (`aluno`, `turma`) VALUES (13, 16);
INSERT INTO `roque`.`matriculas_componente` (`aluno`, `turma`) VALUES (6, 9);
INSERT INTO `roque`.`matriculas_componente` (`aluno`, `turma`) VALUES (4, 4);
INSERT INTO `roque`.`matriculas_componente` (`aluno`, `turma`) VALUES (11, 5);
INSERT INTO `roque`.`matriculas_componente` (`aluno`, `turma`) VALUES (5, 12);
INSERT INTO `roque`.`matriculas_componente` (`aluno`, `turma`) VALUES (6, 18);
INSERT INTO `roque`.`matriculas_componente` (`aluno`, `turma`) VALUES (14, 3);
INSERT INTO `roque`.`matriculas_componente` (`aluno`, `turma`) VALUES (10, 17);
INSERT INTO `roque`.`matriculas_componente` (`aluno`, `turma`) VALUES (4, 10);
INSERT INTO `roque`.`matriculas_componente` (`aluno`, `turma`) VALUES (14, 5);
INSERT INTO `roque`.`matriculas_componente` (`aluno`, `turma`) VALUES (13, 6);
INSERT INTO `roque`.`matriculas_componente` (`aluno`, `turma`) VALUES (6, 13);
INSERT INTO `roque`.`matriculas_componente` (`aluno`, `turma`) VALUES (4, 19);
INSERT INTO `roque`.`matriculas_componente` (`aluno`, `turma`) VALUES (11, 4);
INSERT INTO `roque`.`matriculas_componente` (`aluno`, `turma`) VALUES (5, 18);
INSERT INTO `roque`.`matriculas_componente` (`aluno`, `turma`) VALUES (20, 11);
INSERT INTO `roque`.`matriculas_componente` (`aluno`, `turma`) VALUES (14, 6);
INSERT INTO `roque`.`matriculas_componente` (`aluno`, `turma`) VALUES (7, 7);
INSERT INTO `roque`.`matriculas_componente` (`aluno`, `turma`) VALUES (9, 14);
INSERT INTO `roque`.`matriculas_componente` (`aluno`, `turma`) VALUES (3, 20);
INSERT INTO `roque`.`matriculas_componente` (`aluno`, `turma`) VALUES (13, 5);
INSERT INTO `roque`.`matriculas_componente` (`aluno`, `turma`) VALUES (12, 19);
INSERT INTO `roque`.`matriculas_componente` (`aluno`, `turma`) VALUES (5, 12);
INSERT INTO `roque`.`matriculas_componente` (`aluno`, `turma`) VALUES (3, 7);
INSERT INTO `roque`.`matriculas_componente` (`aluno`, `turma`) VALUES (10, 8);
INSERT INTO `roque`.`matriculas_componente` (`aluno`, `turma`) VALUES (4, 15);
INSERT INTO `roque`.`matriculas_componente` (`aluno`, `turma`) VALUES (19, 21);
INSERT INTO `roque`.`matriculas_componente` (`aluno`, `turma`) VALUES (13, 6);
INSERT INTO `roque`.`matriculas_componente` (`aluno`, `turma`) VALUES (6, 20);
INSERT INTO `roque`.`matriculas_componente` (`aluno`, `turma`) VALUES (4, 13);
INSERT INTO `roque`.`matriculas_componente` (`aluno`, `turma`) VALUES (11, 8);
INSERT INTO `roque`.`matriculas_componente` (`aluno`, `turma`) VALUES (5, 9);
INSERT INTO `roque`.`matriculas_componente` (`aluno`, `turma`) VALUES (6, 16);
INSERT INTO `roque`.`matriculas_componente` (`aluno`, `turma`) VALUES (14, 22);
INSERT INTO `roque`.`matriculas_componente` (`aluno`, `turma`) VALUES (20, 7);
INSERT INTO `roque`.`matriculas_componente` (`aluno`, `turma`) VALUES (19, 21);
INSERT INTO `roque`.`matriculas_componente` (`aluno`, `turma`) VALUES (4, 14);
INSERT INTO `roque`.`matriculas_componente` (`aluno`, `turma`) VALUES (11, 9);
INSERT INTO `roque`.`matriculas_componente` (`aluno`, `turma`) VALUES (5, 10);
INSERT INTO `roque`.`matriculas_componente` (`aluno`, `turma`) VALUES (20, 17);
INSERT INTO `roque`.`matriculas_componente` (`aluno`, `turma`) VALUES (14, 23);
INSERT INTO `roque`.`matriculas_componente` (`aluno`, `turma`) VALUES (7, 8);
INSERT INTO `roque`.`matriculas_componente` (`aluno`, `turma`) VALUES (5, 22);
INSERT INTO `roque`.`matriculas_componente` (`aluno`, `turma`) VALUES (12, 15);
INSERT INTO `roque`.`matriculas_componente` (`aluno`, `turma`) VALUES (6, 10);
INSERT INTO `roque`.`matriculas_componente` (`aluno`, `turma`) VALUES (7, 11);
INSERT INTO `roque`.`matriculas_componente` (`aluno`, `turma`) VALUES (15, 18);
INSERT INTO `roque`.`matriculas_componente` (`aluno`, `turma`) VALUES (21, 24);
INSERT INTO `roque`.`matriculas_componente` (`aluno`, `turma`) VALUES (20, 9);
INSERT INTO `roque`.`matriculas_componente` (`aluno`, `turma`) VALUES (5, 23);
INSERT INTO `roque`.`matriculas_componente` (`aluno`, `turma`) VALUES (12, 16);
INSERT INTO `roque`.`matriculas_componente` (`aluno`, `turma`) VALUES (6, 11);

COMMIT;

